{"stat.leaveGame":9,"stat.mineBlock.minecraft.cobblestone":89,"stat.mineBlock.minecraft.yellow_flower":1,"stat.mineBlock.minecraft.brown_mushroom":1,"stat.swimOneCm":29949,"stat.mineBlock.minecraft.spruce_stairs":3,"achievement.buildWorkBench":1,"stat.useItem.minecraft.dirt":133,"achievement.exploreAllBiomes":{"value":0,"progress":["Beach","DesertHills","Stone Beach","Extreme Hills+","River","Ocean","Taiga","Desert","Extreme Hills","TaigaHills"]},"stat.useItem.minecraft.water_bucket":16,"stat.craftItem.minecraft.furnace":2,"stat.useItem.minecraft.egg":1,"stat.craftItem.minecraft.stone_axe":6,"stat.craftItem.minecraft.stone_pickaxe":16,"stat.craftItem.minecraft.cooked_beef":13,"stat.killEntity.Enderman":2,"stat.useItem.minecraft.spruce_fence_gate":2,"stat.craftItem.minecraft.stone_sword":1,"stat.flyOneCm":17980,"achievement.buildPickaxe":17,"stat.mineBlock.minecraft.sand":14,"stat.killEntity.Witch":1,"stat.useItem.minecraft.cooked_beef":13,"achievement.buildBetterPickaxe":16,"stat.mineBlock.minecraft.iron_ore":136,"stat.timeSinceDeath":313324,"stat.hopperInspected":2,"stat.useItem.minecraft.iron_pickaxe":53,"stat.craftItem.minecraft.wooden_pickaxe":2,"stat.furnaceInteraction":47,"stat.mineBlock.minecraft.coal_ore":358,"stat.killEntity.Creeper":5,"stat.useItem.minecraft.milk_bucket":2,"achievement.mineWood":131,"stat.useItem.minecraft.spruce_fence":1,"stat.sprintOneCm":48048,"stat.craftItem.minecraft.stick":108,"achievement.openInventory":123,"stat.craftItem.minecraft.stone":29,"stat.useItem.minecraft.wheat_seeds":2,"stat.mineBlock.minecraft.crafting_table":4,"stat.useItem.minecraft.dye":8,"stat.useItem.minecraft.bucket":24,"achievement.buildFurnace":1,"stat.deaths":2,"stat.drop":13,"stat.playOneMinute":329066,"stat.craftItem.minecraft.iron_pickaxe":1,"stat.killEntity.Zombie":20,"stat.craftItem.minecraft.dye":12,"stat.mineBlock.minecraft.gold_ore":11,"stat.mineBlock.minecraft.tallgrass":31,"stat.diveOneCm":20335,"stat.chestOpened":100,"stat.useItem.minecraft.stone":63,"stat.useItem.minecraft.rotten_flesh":42,"stat.jump":3394,"stat.useItem.minecraft.sand":2,"stat.fallOneCm":31471,"stat.useItem.minecraft.stone_axe":160,"stat.crouchOneCm":3277,"stat.mineBlock.minecraft.chest":5,"stat.craftItem.minecraft.chest":4,"stat.craftItem.minecraft.torch":156,"stat.craftItem.minecraft.iron_ingot":118,"stat.mineBlock.minecraft.spruce_fence_gate":2,"stat.useItem.minecraft.cooked_chicken":1,"stat.craftingTableInteraction":41,"stat.useItem.minecraft.sapling":57,"stat.mineBlock.minecraft.lapis_ore":8,"stat.damageTaken":1480,"stat.mineBlock.minecraft.furnace":3,"stat.mineBlock.minecraft.torch":19,"stat.useItem.minecraft.wooden_pickaxe":125,"stat.useItem.minecraft.furnace":5,"stat.useItem.minecraft.reeds":2,"stat.mineBlock.minecraft.sapling":10,"stat.craftItem.minecraft.wooden_sword":1,"stat.mineBlock.minecraft.spruce_fence":1,"stat.mineBlock.minecraft.gravel":36,"stat.useItem.minecraft.stone_pickaxe":2095,"stat.breakItem.minecraft.stone_axe":1,"stat.useItem.minecraft.stone_sword":138,"stat.damageDealt":11520,"stat.killEntity.Cow":9,"stat.useItem.minecraft.crafting_table":6,"stat.mineBlock.minecraft.dirt":111,"stat.walkOneCm":1828445,"stat.useItem.minecraft.torch":178,"stat.useItem.minecraft.bread":5,"stat.playerKills":2,"stat.useItem.minecraft.chest":7,"stat.useItem.minecraft.cobblestone":336,"stat.craftItem.minecraft.crafting_table":2,"stat.mineBlock.minecraft.double_plant":20,"stat.useItem.minecraft.lava_bucket":7,"stat.breakItem.minecraft.stone_pickaxe":16,"stat.useItem.minecraft.yellow_flower":1,"stat.craftItem.minecraft.gold_ingot":11,"stat.useItem.minecraft.spruce_stairs":22,"stat.killEntity.Skeleton":6,"stat.craftItem.minecraft.bucket":2,"stat.craftItem.minecraft.planks":232,"stat.killEntity.Spider":2,"stat.craftItem.minecraft.spruce_fence":9,"stat.mobKills":45,"stat.mineBlock.minecraft.log":152,"stat.craftItem.minecraft.shears":1,"achievement.acquireIron":9,"stat.mineBlock.minecraft.leaves":418,"stat.mineBlock.minecraft.redstone_ore":32,"stat.craftItem.minecraft.spruce_stairs":56,"stat.breakItem.minecraft.stone_sword":1,"stat.mineBlock.minecraft.stone":1603,"stat.breakItem.minecraft.wooden_pickaxe":2}