{"stat.craftItem.minecraft.leather_leggings":1,"stat.useItem.minecraft.iron_axe":316,"stat.leaveGame":33,"stat.mineBlock.minecraft.cobblestone":177,"stat.craftItem.minecraft.iron_axe":3,"stat.mineBlock.minecraft.brown_mushroom":9,"stat.swimOneCm":35313,"stat.useItem.minecraft.planks":798,"stat.mineBlock.minecraft.spruce_stairs":59,"achievement.buildWorkBench":1,"stat.breakItem.minecraft.iron_pickaxe":2,"stat.useItem.minecraft.dirt":406,"achievement.exploreAllBiomes":{"value":0,"progress":["Beach","DesertHills","Stone Beach","Extreme Hills+","Ocean","River","Taiga","Desert","Extreme Hills","TaigaHills"]},"stat.useItem.minecraft.water_bucket":17,"stat.craftItem.minecraft.furnace":1,"stat.craftItem.minecraft.stone_axe":1,"stat.craftItem.minecraft.trapdoor":10,"stat.craftItem.minecraft.stone_pickaxe":2,"stat.craftItem.minecraft.cooked_beef":34,"stat.killEntity.Enderman":1,"stat.useItem.minecraft.spruce_fence_gate":5,"stat.craftItem.minecraft.stone_sword":9,"stat.flyOneCm":166983,"stat.mineBlock.minecraft.sand":7,"achievement.buildPickaxe":6,"stat.killEntity.Witch":2,"stat.useItem.minecraft.cooked_beef":19,"achievement.buildBetterPickaxe":6,"stat.mineBlock.minecraft.iron_ore":32,"stat.timeSinceDeath":255673,"stat.hopperInspected":2,"stat.useItem.minecraft.sign":17,"stat.useItem.minecraft.iron_pickaxe":1276,"stat.craftItem.minecraft.bed":3,"achievement.breedCow":3,"stat.mineBlock.minecraft.hopper":1,"stat.furnaceInteraction":44,"stat.mineBlock.minecraft.coal_ore":24,"stat.killEntity.Creeper":3,"stat.craftItem.minecraft.stone_hoe":3,"stat.craftItem.minecraft.leather_helmet":1,"stat.useItem.minecraft.cooked_mutton":2,"achievement.buildSword":8,"achievement.mineWood":196,"stat.useItem.minecraft.spruce_fence":26,"stat.sprintOneCm":415105,"stat.mineBlock.minecraft.stone_slab":5,"stat.craftItem.minecraft.stick":112,"stat.useItem.minecraft.stone_slab":18,"stat.useItem.minecraft.bed":5,"achievement.openInventory":239,"stat.useItem.minecraft.wheat_seeds":704,"stat.mineBlock.minecraft.crafting_table":5,"stat.useItem.minecraft.carrot":7,"stat.useItem.minecraft.hopper":5,"stat.useItem.minecraft.wooden_shovel":60,"stat.useItem.minecraft.dye":15,"stat.craftItem.minecraft.wooden_pressure_plate":4,"stat.useItem.minecraft.bucket":18,"stat.entityKilledBy.Creeper":1,"achievement.killEnemy":127,"stat.deaths":3,"stat.mineBlock.minecraft.planks":202,"stat.drop":46,"stat.playOneMinute":621871,"stat.craftItem.minecraft.leather_chestplate":1,"stat.craftItem.minecraft.wooden_shovel":1,"stat.craftItem.minecraft.iron_pickaxe":7,"stat.useItem.minecraft.shears":94,"stat.killEntity.Zombie":145,"stat.craftItem.minecraft.dye":15,"stat.mineBlock.minecraft.tallgrass":17,"stat.craftItem.minecraft.cooked_mutton":2,"stat.diveOneCm":6421,"stat.chestOpened":295,"stat.mineBlock.minecraft.mossy_cobblestone":2,"stat.craftItem.minecraft.sign":6,"achievement.buildHoe":1,"stat.useItem.minecraft.stone":4,"stat.jump":4429,"stat.useItem.minecraft.sand":2,"stat.fallOneCm":97900,"stat.useItem.minecraft.stone_axe":266,"stat.craftItem.minecraft.bread":165,"stat.crouchOneCm":8587,"achievement.killCow":6,"stat.mineBlock.minecraft.chest":4,"stat.craftItem.minecraft.iron_ingot":51,"stat.craftItem.minecraft.torch":108,"stat.craftItem.minecraft.chest":10,"achievement.makeBread":54,"stat.mineBlock.minecraft.spruce_fence_gate":1,"stat.craftItem.minecraft.hopper":4,"stat.useItem.minecraft.cooked_chicken":1,"stat.craftingTableInteraction":83,"stat.boatOneCm":156,"stat.useItem.minecraft.sapling":2,"stat.damageTaken":3539,"stat.mineBlock.minecraft.torch":34,"stat.mineBlock.minecraft.furnace":1,"stat.useItem.minecraft.furnace":2,"stat.mineBlock.minecraft.spruce_fence":9,"stat.entityKilledBy.Zombie":2,"stat.useItem.minecraft.stone_pickaxe":89,"stat.breakItem.minecraft.stone_axe":1,"stat.useItem.minecraft.stone_sword":568,"stat.damageDealt":42185,"stat.useItem.minecraft.wool":1,"stat.killEntity.Cow":18,"stat.mineBlock.minecraft.dirt":510,"stat.useItem.minecraft.crafting_table":4,"stat.craftItem.minecraft.stone_slab":12,"stat.walkOneCm":2989300,"stat.useItem.minecraft.torch":104,"stat.useItem.minecraft.bread":36,"stat.animalsBred":11,"stat.playerKills":4,"stat.useItem.minecraft.chest":13,"stat.useItem.minecraft.log":111,"stat.useItem.minecraft.cobblestone":658,"stat.craftItem.minecraft.crafting_table":1,"stat.craftItem.minecraft.leather_boots":1,"stat.mineBlock.minecraft.double_plant":4,"stat.useItem.minecraft.spruce_stairs":327,"stat.mineBlock.minecraft.wool":1,"stat.useItem.minecraft.leaves":99,"stat.useItem.minecraft.cactus":2,"stat.killEntity.Skeleton":2,"stat.mineBlock.minecraft.cactus":1,"stat.craftItem.minecraft.bucket":1,"stat.craftItem.minecraft.planks":1176,"stat.killEntity.Spider":2,"stat.craftItem.minecraft.spruce_fence":18,"stat.mobKills":173,"stat.useItem.minecraft.wooden_pressure_plate":4,"stat.mineBlock.minecraft.log":220,"stat.craftItem.minecraft.cooked_chicken":2,"stat.useItem.minecraft.stone_hoe":203,"stat.useItem.minecraft.boat":2,"stat.useItem.minecraft.mossy_cobblestone":27,"stat.useItem.minecraft.spruce_door":4,"stat.mineBlock.minecraft.leaves":285,"stat.breakItem.minecraft.wooden_shovel":1,"stat.craftItem.minecraft.spruce_fence_gate":6,"stat.craftItem.minecraft.spruce_stairs":228,"stat.craftItem.minecraft.compass":2,"stat.breakItem.minecraft.stone_sword":1,"stat.mineBlock.minecraft.stone":1102,"stat.craftItem.minecraft.spruce_door":3}