{"stat.leaveGame":7,"stat.mineBlock.minecraft.cobblestone":209,"stat.mineBlock.minecraft.brown_mushroom":2,"stat.useItem.minecraft.mutton":1,"stat.swimOneCm":63257,"stat.useItem.minecraft.planks":30,"stat.mineBlock.minecraft.spruce_stairs":36,"achievement.buildWorkBench":1,"stat.useItem.minecraft.dirt":107,"achievement.exploreAllBiomes":{"value":0,"progress":["Beach","DesertHills","Ocean","River","Taiga","Desert","TaigaHills"]},"stat.useItem.minecraft.water_bucket":30,"stat.craftItem.minecraft.stone_axe":4,"stat.craftItem.minecraft.stone_pickaxe":5,"stat.craftItem.minecraft.cooked_beef":16,"stat.craftItem.minecraft.stone_sword":2,"stat.flyOneCm":71546,"achievement.buildPickaxe":6,"stat.useItem.minecraft.cooked_beef":5,"achievement.buildBetterPickaxe":5,"stat.mineBlock.minecraft.iron_ore":15,"stat.timeSinceDeath":508,"stat.hopperInspected":26,"stat.useItem.minecraft.sign":4,"stat.craftItem.minecraft.wooden_pickaxe":1,"achievement.breedCow":9,"stat.mineBlock.minecraft.hopper":27,"stat.furnaceInteraction":15,"stat.mineBlock.minecraft.coal_ore":12,"stat.craftItem.minecraft.stone_hoe":1,"stat.useItem.minecraft.cooked_mutton":1,"achievement.buildSword":3,"achievement.mineWood":194,"stat.useItem.minecraft.trapdoor":15,"stat.sprintOneCm":171405,"stat.mineBlock.minecraft.stone_slab":6,"stat.craftItem.minecraft.stick":20,"stat.craftItem.minecraft.wooden_axe":2,"stat.useItem.minecraft.stone_slab":9,"achievement.openInventory":119,"stat.useItem.minecraft.wheat_seeds":53,"stat.mineBlock.minecraft.crafting_table":1,"stat.useItem.minecraft.hopper":27,"stat.useItem.minecraft.bucket":30,"stat.entityKilledBy.Creeper":1,"achievement.killEnemy":68,"stat.useItem.minecraft.beef":20,"stat.deaths":13,"stat.mineBlock.minecraft.planks":1,"stat.drop":85,"stat.playOneMinute":346136,"stat.craftItem.minecraft.leather_chestplate":1,"stat.useItem.minecraft.wooden_sword":21,"stat.killEntity.Sheep":4,"stat.useItem.minecraft.shears":140,"stat.killEntity.Zombie":66,"stat.mineBlock.minecraft.tallgrass":155,"stat.craftItem.minecraft.cooked_mutton":2,"stat.diveOneCm":23656,"stat.chestOpened":166,"stat.mineBlock.minecraft.mossy_cobblestone":25,"stat.craftItem.minecraft.sign":6,"achievement.buildHoe":1,"stat.useItem.minecraft.stone":11,"stat.breakItem.minecraft.wooden_axe":2,"stat.useItem.minecraft.rotten_flesh":1,"stat.jump":3941,"stat.fallOneCm":72924,"stat.useItem.minecraft.stone_axe":369,"achievement.killCow":13,"stat.crouchOneCm":6313,"stat.mineBlock.minecraft.chest":16,"stat.craftItem.minecraft.torch":32,"stat.craftItem.minecraft.iron_ingot":2,"stat.craftItem.minecraft.chest":6,"stat.craftingTableInteraction":39,"stat.boatOneCm":393,"stat.useItem.minecraft.sapling":15,"stat.damageTaken":3480,"stat.mineBlock.minecraft.torch":35,"stat.useItem.minecraft.wooden_pickaxe":32,"stat.mineBlock.minecraft.sapling":6,"stat.craftItem.minecraft.wooden_sword":1,"stat.entityKilledBy.Zombie":5,"stat.useItem.minecraft.stone_pickaxe":655,"stat.breakItem.minecraft.stone_axe":3,"stat.useItem.minecraft.stone_sword":173,"stat.damageDealt":22670,"stat.killEntity.Cow":23,"stat.useItem.minecraft.crafting_table":3,"stat.mineBlock.minecraft.dirt":88,"stat.craftItem.minecraft.stone_slab":12,"stat.walkOneCm":1514661,"stat.useItem.minecraft.torch":64,"stat.animalsBred":9,"stat.playerKills":1,"stat.useItem.minecraft.chest":19,"stat.useItem.minecraft.log":31,"stat.useItem.minecraft.cobblestone":291,"stat.craftItem.minecraft.crafting_table":1,"stat.mineBlock.minecraft.double_plant":33,"stat.breakItem.minecraft.stone_pickaxe":4,"stat.craftItem.minecraft.boat":1,"stat.useItem.minecraft.spruce_stairs":44,"stat.useItem.minecraft.leaves":92,"stat.killEntity.Skeleton":1,"stat.craftItem.minecraft.bucket":1,"stat.craftItem.minecraft.planks":152,"stat.killEntity.Chicken":2,"stat.killEntity.Spider":1,"stat.mobKills":97,"stat.mineBlock.minecraft.log":209,"stat.craftItem.minecraft.shears":1,"stat.useItem.minecraft.stone_hoe":21,"stat.mineBlock.minecraft.leaves":214,"stat.craftItem.minecraft.spruce_stairs":16,"stat.useItem.minecraft.wooden_axe":104,"stat.mineBlock.minecraft.stone":335}